{
    "best_model": "GradientBoosting",
    "best_f1_score": 0.8014184397163121,
    "best_params": {
        "learning_rate": 0.1,
        "max_depth": 5,
        "n_estimators": 200
    },
    "metrics": {
        "accuracy": 0.9322033898305084,
        "precision": 0.9186991869918699,
        "recall": 0.710691823899371,
        "f1_score": 0.8014184397163121,
        "classification_report": "              precision    recall  f1-score   support\n\n           0       0.93      0.99      0.96       667\n           1       0.92      0.71      0.80       159\n\n    accuracy                           0.93       826\n   macro avg       0.93      0.85      0.88       826\nweighted avg       0.93      0.93      0.93       826\n"
    }
}